{"assets/html/error.html":["assets/html/error.html"],"assets/html/home.png":["assets/html/home.png"],"assets/html/logo.png":["assets/html/logo.png"],"assets/images/.DS_Store":["assets/images/.DS_Store"],"assets/images/error.png":["assets/images/error.png"],"assets/images/logo.png":["assets/images/logo.png"],"assets/images/welcome.png":["assets/images/welcome.png"],"assets/json/get_token.json":["assets/json/get_token.json"],"assets/json/save_token.json":["assets/json/save_token.json"],"packages/cupertino_icons/assets/CupertinoIcons.ttf":["packages/cupertino_icons/assets/CupertinoIcons.ttf"],"packages/flutter_inappwebview/assets/t_rex_runner/t-rex.css":["packages/flutter_inappwebview/assets/t_rex_runner/t-rex.css"],"packages/flutter_inappwebview/assets/t_rex_runner/t-rex.html":["packages/flutter_inappwebview/assets/t_rex_runner/t-rex.html"],"packages/flutter_inappwebview_web/assets/web/web_support.js":["packages/flutter_inappwebview_web/assets/web/web_support.js"]}